,tic,statpers,fyear,actual,actual_lag1,meanest,medest,numest,stdev,statest,spe.statest,spe.medest,spe.meanest
1,ABM,19347,2013,1.52,1.39,1.37,1.37,6,0.06,1.40682638612198,0.012808266878211,0.0225,0.0225
2,AKS,18311,2011,-0.54,-0.63,1.41,1.3,13,0.3,-3.20507365110986,7.10261756584002,3.3856,3.8025
3,AVX,19130,2013,0.6,1.2,0.91,0.93,3,0.06,0.730308980176842,0.0169804303147286,0.1089,0.0961
4,ABT,19039,2013,5.07,4.66,5.02,5.01,23,0.07,4.91902895257835,0.0227922571595914,0.00360000000000006,0.00250000000000007
5,ACXM,19130,2013,0.76,0.76,0.61,0.61,5,0.02,0.716986479492463,0.00185016294645231,0.0225,0.0225
6,ADBE,19347,2013,1.34,2.35,1.43,1.4,25,0.11,2.60366115240737,1.59683950810353,0.00359999999999998,0.00809999999999998
7,ADTN,19011,2013,0.74,2.12,2.2,2.22,19,0.1,1.91196537709144,1.37350284510108,2.1904,2.1316
8,AMD,19039,2013,-0.16,0.5,0.65,0.64,31,0.09,-1.7265547883175,2.4540939048005,0.64,0.6561
9,AGU,19039,2013,10.29,9.81,9.01,9.1,24,0.67,9.85175716995195,0.192056778088528,1.4161,1.6384
10,APD,19312,2013,5.5,5.4,5.74,5.75,21,0.06,5.68819698874617,0.0354181065731243,0.0625,0.0576000000000001
11,ARG,19130,2013,4.35,4.11,4.81,4.8,16,0.05,4.34926117870109,5.45856911718971e-07,0.2025,0.2116
12,ALB,19039,2013,4.85,4.77,4.82,4.9,11,0.32,4.97002045837864,0.014404910429418,0.00250000000000007,0.000899999999999962
13,AGN,19039,2013,4.14,3.65,4.19,4.18,28,0.03,3.72387752151043,0.173157917104302,0.0016,0.00250000000000007
14,ATK,19130,2013,8.34,7.93,6.57,6.45,14,0.43,7.21662509745223,1.26197117167422,3.5721,3.1329
15,ALTR,19039,2013,1.72,2.35,1.82,1.8,29,0.15,1.86770475209428,0.0218166937912342,0.00640000000000001,0.01
16,APU,19312,2013,2.43,0.71,2.51,2.47,7,0.15,3.78522521692277,1.83663538858337,0.0016,0.00639999999999994
17,AME,19039,2013,1.88,1.58,1.81,1.8,12,0.03,1.7225098078715,0.0248031606166708,0.00639999999999998,0.00489999999999998
18,AMGN,19039,2013,6.51,5.33,6.05,6.07,28,0.11,5.88798278189776,0.386905419615649,0.1936,0.2116
19,APC,19039,2013,3.52,3.37,3.46,3.51,29,0.71,3.87394637980695,0.125278039778449,0.000100000000000005,0.00360000000000001
20,ADI,19347,2013,2.16,2.13,2.15,2.13,27,0.11,2.43862170421279,0.0776300540584412,0.000900000000000015,0.000100000000000005
21,AXE,19039,2013,5.47,5.71,6.26,6.25,10,0.21,5.01699927011862,0.205209661273061,0.6084,0.6241
22,APA,19039,2013,9.48,11.83,12.29,12.57,28,1.26,11.6648498941102,4.77356905979323,9.5481,7.89609999999999
23,APOL,19284,2013,3.16,3.56,2.78,2.75,19,0.24,2.90771608477956,0.063647173878952,0.1681,0.1444
24,AAPL,19312,2013,5.6786,6.3071,7.15,7.12,55,0.53,7.35564853925467,2.81249180301624,2.07763396,2.16501796
25,AMAT,19312,2013,0.59,0.75,0.66,0.66,19,0.16,0.733421596330254,0.0205697542939184,0.00490000000000001,0.00490000000000001
26,ATR,19039,2013,2.41,2.65,2.92,2.9,10,0.11,2.60061590938154,0.036334424909351,0.2401,0.2601
27,ADM,19284,2013,2.3,2.25,2.09,2.09,1,NA,3.74742689934348,2.09504462894308,0.0441,0.0441
28,ARW,19039,2013,4.4,5.19,4.83,4.93,14,0.46,4.9617514142565,0.315564651419182,0.280899999999999,0.1849
29,ATML,19039,2013,0.32,0.68,0.42,0.43,13,0.06,0.507945232860068,0.0353234105548253,0.0121,0.01
30,ATO,19312,2013,2.53,2.11,2.45,2.45,9,0.05,2.74799425774421,0.0475214964094473,0.00639999999999994,0.00639999999999994
31,ADSK,19067,2013,1.94,1.74,2.05,2.05,20,0.04,1.89039204616738,0.00246094908345966,0.0121,0.0121
32,ALV,19039,2013,5.82,6.65,6.44,6.39,18,0.54,7.84154673513861,4.08665120234958,0.324899999999999,0.3844
33,AZO,17429,2008,10.04,8.53,9.63,9.69,12,0.26,9.10882078377583,0.867094732727862,0.1225,0.168099999999999
34,AVY,19039,2013,2.08,2.16,1.99,2,5,0.02,2.80634670137217,0.527579530594228,0.00640000000000001,0.00810000000000002
35,AVT,19221,2013,3.47,4.06,4.11,4.13,13,0.12,4.2138787104448,0.553355535853025,0.4356,0.4096
36,AVP,19039,2013,0.85,1.64,1.56,1.5,17,0.14,1.3765745994909,0.277280808828999,0.4225,0.5041
37,BHI,19039,2013,3.14,4.2,4.94,4.92,33,0.23,4.23241760314107,1.19337621965248,3.1684,3.24
38,BLL,19039,2013,3.06,2.73,3.07,3.06,11,0.06,2.97824966829193,0.00668311673437909,0,9.99999999999957e-05
39,BCR,19039,2013,6.57,6.4,6.67,6.66,20,0.08,6.84347590729303,0.0747890718697437,0.00809999999999998,0.00999999999999993
40,BKS,19193,2013,-2.65,-1.31,-0.93,-1,7,0.39,-1.57041175494804,1.16551077885436,2.7225,2.9584
41,ABX,19039,2013,3.82,4.67,5.59,5.55,24,0.57,4.85008207464493,1.06106908050481,2.9929,3.1329
42,BAX,19039,2013,4.53,4.31,4.54,4.53,17,0.04,4.47216944360014,0.00334437325351703,0,9.99999999999957e-05
43,BDX,19312,2013,5.81,5.37,5.63,5.62,19,0.03,5.49992922811413,0.0961438835778989,0.0360999999999998,0.0323999999999999
44,BBBY,19102,2013,4.56,4.06,4.58,4.6,30,0.1,4.6656967094452,0.0111717943875427,0.0016,0.000400000000000018
45,BLC,18675,2012,0.55,0.83,0.56,0.6,3,0.08,1.31671366041837,0.587849837072132,0.00249999999999999,1e-04
46,BMS,19039,2013,2.15,1.99,2.14,2.1,11,0.1,1.87219837497728,0.0771737428652666,0.00249999999999998,9.99999999999957e-05
47,BBY,19102,2013,2.62,3.64,3.62,3.64,19,0.08,3.98378027319983,1.85989663356901,1.0404,1
48,BDK,17576,2009,5.47,6.03,5.58,5.53,12,0.24,5.38678380720593,0.00692493474313979,0.00360000000000006,0.0121000000000001
49,BBOX,18766,2012,2.94,3.29,3.56,3.56,2,0.11,0.336290751438645,6.77930185104394,0.3844,0.3844
50,HRB,19193,2013,1.59,1.28,1.61,1.62,6,0.04,1.31866419659677,0.0736231182084775,0.000900000000000002,0.000400000000000001
51,BOBE,19158,2013,2.39,2.54,2.67,2.69,3,0.04,4.1812814097935,3.20868908907177,0.0899999999999999,0.0783999999999999
52,BA,19039,2013,5.11,4.8,4.46,4.45,29,0.24,4.23308196124646,0.768985246691352,0.4356,0.4225
53,BWA,19039,2013,2.485,2.225,2.69,2.7,22,0.16,2.07176871323826,0.170760096358763,0.0462250000000001,0.042025
54,BSX,19039,2013,0.41,0.44,0.42,0.42,23,0.02,0.405931066341486,1.65562211173842e-05,1e-04,1e-04
55,BRC,19256,2013,1.93,2.14,2.27,2.28,7,0.08,1.97018637210651,0.00161494450308263,0.1225,0.1156
56,BGG,19221,2013,0.93,1.15,1.36,1.35,5,0.07,1.36447822539917,0.188771328346013,0.1764,0.1849
57,EAT,19221,2013,2.34,1.96,2.35,2.35,19,0.04,2.09046534592013,0.0622675435867617,0.000100000000000005,0.000100000000000005
58,BMY,19039,2013,1.99,2.28,1.97,1.97,21,0.05,2.29633719723004,0.0938424784067584,0.000400000000000001,0.000400000000000001
59,BC,19039,2013,2.09,0.78,1.41,1.42,10,0.06,3.2150172307414,1.26566376946506,0.4489,0.4624
60,BPL,19039,2013,2.93,3.07,3.26,3.23,12,0.19,3.15867710564126,0.0522932186444619,0.0899999999999999,0.1089
61,CVS,19039,2013,3.43,2.8,3.27,3.27,18,0.03,2.76328627541441,0.444507190550786,0.0256,0.0256
62,CBT,19312,2013,2.91,3.34,3.96,4,7,0.15,3.97450805795062,1.1331774054418,1.1881,1.1025
63,ELY,18675,2012,-0.63,-0.28,0.2,0.2,11,0.06,-0.493229641302455,0.0187061310182552,0.6889,0.6889
64,CPB,19256,2013,2.64,2.44,2.54,2.54,19,0.04,2.44076453233801,0.0396947715744929,0.01,0.01
65,CAH,19221,2013,3.73,3.21,3.46,3.44,18,0.09,3.35312845154797,0.142032164032632,0.0841,0.0729
66,CSL,19039,2013,4.27,2.88,3.61,3.62,6,0.08,3.13904489070636,1.27905945923738,0.422499999999999,0.4356
67,CRS,19221,2013,2.73,2.74,3.42,3.4,11,0.2,2.910003654939,0.0324013157913986,0.4489,0.4761
68,CASY,19158,2013,2.94,3.04,3.23,3.25,7,0.19,3.4761591342185,0.287466617205933,0.0961,0.0841
69,CAT,19039,2013,8.9,7.4,9.51,9.44,24,0.28,7.30586518135268,2.54126582002371,0.291599999999999,0.372099999999999
70,FUN,19067,2013,1.81,1.7,2.25,2.23,4,0.08,1.38022060719771,0.184710326477505,0.1764,0.1936
71,CERN,19039,2013,1.195,0.935,1.14,1.14,20,0.02,0.992362443310312,0.0410619793811664,0.00302500000000002,0.00302500000000002
72,CHRS,18367,2011,-0.32,-0.54,-0.01,-0.05,3,0.06,-0.385007622183656,0.00422599094197295,0.0729,0.0961
73,CHD,19039,2013,2.48,2.22,2.42,2.43,17,0.05,2.34988925412843,0.0169288061912562,0.00249999999999998,0.00360000000000001
74,CSCO,19221,2013,2.02,1.85,1.93,1.94,44,0.07,1.97393381686331,0.00212209322878351,0.00640000000000001,0.00810000000000002
75,CTAS,19193,2013,2.52,2.27,2.52,2.52,15,0.03,2.34386905331124,0.0310221103814771,0,0
76,CTXS,19039,2013,2.87,2.48,2.74,2.73,30,0.04,2.64645321216649,0.0499731663506812,0.0196,0.0169
77,CLX,19221,2013,4.31,4.1,4.29,4.3,17,0.04,4.87225449217759,0.316130113973883,9.99999999999957e-05,0.000399999999999983
78,KO,19039,2013,2.01,1.92,2.04,2.04,18,0.03,1.98291774471482,0.000733448551331705,0.000900000000000015,0.000900000000000015
79,CGNX,19039,2013,0.78,0.815,0.86,0.86,5,0.01,1.14971718385026,0.136690796034169,0.00639999999999999,0.00639999999999999
80,CL,19039,2013,2.68,2.515,2.7,2.69,23,0.03,2.60332835543303,0.00587854108060394,9.99999999999957e-05,0.000400000000000001
81,CSC,19130,2013,2.18,3.24,2.69,2.55,14,0.6,3.51180020718211,1.77369179185032,0.1369,0.2601
82,CPWR,19158,2013,0.26,0.4,0.46,0.46,5,0.01,0.323423646567174,0.00402255894387776,0.04,0.04
83,CAG,19193,2013,2.16,1.84,1.98,1.98,13,0.02,1.78895834965173,0.13767190629317,0.0324000000000001,0.0324000000000001
84,CTB,19067,2013,3.41,1.36,1.84,1.88,8,0.27,2.07158424690958,1.79135672812061,2.3409,2.4649
85,GLW,19039,2013,1.29,1.76,1.38,1.32,24,0.14,1.65783076083463,0.135299468616182,0.000900000000000002,0.00809999999999998
86,CVD,19039,2013,2.7,2.7,2.67,2.65,19,0.06,2.82777155008092,0.0163255690100803,0.00250000000000003,0.000900000000000015
87,CR,19039,2013,3.7,3.43,3.87,3.87,8,0.06,3.51527492362242,0.0341233538427015,0.0289,0.0289
88,CYMI,18675,2012,2.58,3.02,3.37,3.33,8,0.22,4.44028774450357,3.46067049235018,0.5625,0.6241
89,CY,19039,2013,0.55,1.24,1.09,1.08,13,0.06,0.699044190021223,0.0222141705790823,0.2809,0.2916
90,CYT,19039,2013,1.51,1.83,2.02,2.04,6,0.1,1.96820675546404,0.209953430752878,0.2809,0.2601
91,DHI,19312,2013,1.33,2.77,0.9,0.85,20,0.15,7.74011149644138,41.08952939681,0.2304,0.1849
92,DST,19039,2013,3.98,4.07,4.07,4.1,6,0.06,3.98443393201806,1.9659753140803e-05,0.0143999999999999,0.00810000000000006
93,DRI,19193,2013,3.13,3.58,3.88,3.86,30,0.09,3.68376844101514,0.306659486264333,0.5329,0.5625
94,DE,19347,2013,9.09,7.63,8.35,8.35,23,0.17,8.11950398217808,0.941862520608202,0.5476,0.5476
95,DLX,19039,2013,3.53,3.11,3.22,3.23,4,0.04,2.83895189108953,0.477547488828735,0.0899999999999999,0.0960999999999998
96,XRAY,19039,2013,2.22,2.03,2.29,2.29,13,0.04,2.15692203754712,0.00397882934720754,0.00489999999999998,0.00489999999999998
97,DV,19221,2013,2.6,3.22,1.9,1.94,19,0.27,0.886901577697477,2.93470620449539,0.4356,0.49
98,DO,19039,2013,4.98,6.92,4.16,4.18,38,0.23,6.68174625896182,2.89594032989053,0.640000000000001,0.6724
99,DBD,19039,2013,2.07,2.31,2.43,2.43,9,0.03,2.21457561086634,0.0209021072573753,0.1296,0.1296
100,DIS,19312,2013,3.39,3.07,3.43,3.43,29,0.08,3.29291468549692,0.00942555829216159,0.0016,0.0016
101,DCI,19256,2013,1.64,1.73,1.9,1.9,11,0.02,2.01458248036096,0.140312034593366,0.0676,0.0676
102,DOV,19039,2013,4.44,4.48,4.9,4.88,12,0.13,4.34396753512846,0.00922223430930332,0.1936,0.2116
103,DOW,19039,2013,1.9,2.54,2.72,2.75,19,0.2,2.38916236660659,0.239279820904163,0.7225,0.6724
104,DJ,16484,2006,0.98,1.21,1.28,1.29,14,0.07,1.40664071025236,0.182022295644639,0.0961,0.09
105,DD,19039,2013,3.33,3.93,4.28,4.3,19,0.12,3.8103112915352,0.23069893677621,0.9409,0.9025
106,EMC,19039,2013,1.7,1.51,1.73,1.72,37,0.03,1.62679457294884,0.0053590345497426,0.000400000000000001,0.000900000000000002
107,E,19067,2013,5.06,5.35,4.7,5.17,4,1.55,5.5289487394309,0.219912920213827,0.0121000000000001,0.1296
108,EMN,19039,2013,5.38,4.56,4.75,4.78,3,0.15,5.1208299712256,0.0671691038149214,0.36,0.3969
109,ECL,19067,2013,2.98,2.54,3.02,3.03,17,0.04,2.72547185750139,0.0647845753237911,0.00249999999999998,0.0016
110,ELN,18675,2012,1.02,-0.56,-0.08,-0.1,9,0.07,-0.864439759038647,3.55111320544563,1.2544,1.21
111,EFII,19039,2013,1.29,1.12,1.27,1.26,5,0.03,1.14656419716009,0.0205738295363294,0.000900000000000002,0.000400000000000001
112,EMR,19312,2013,3.54,3.39,3.59,3.6,21,0.03,3.64844465883911,0.0117602440307308,0.00360000000000001,0.00249999999999998
113,EFX,19039,2013,2.97,2.52,2.82,2.83,12,0.04,2.62531739941241,0.118806095147824,0.0196,0.0225000000000001
114,FMC,19039,2013,3.48,2.99,3.42,3.45,10,0.1,3.14172507891298,0.11442992223643,0.000899999999999988,0.00360000000000001
115,FDO,19284,2013,3.8,3.64,4.24,4.25,27,0.07,3.90915680528583,0.0119152081402089,0.2025,0.1936
116,FAST,19011,2013,1.42,1.21,1.48,1.5,12,0.05,1.26292200262144,0.0246734972604577,0.00640000000000001,0.00360000000000001
117,FSS,17611,2009,0.79,0.63,0.83,0.9,5,0.11,1.07972599170262,0.0839411502680643,0.0121,0.00159999999999999
118,FOE,19067,2013,0.09,0.71,0.52,0.53,9,0.04,1.66922629532239,2.49395569183767,0.1936,0.1849
119,FISV,19039,2013,2.565,2.29,2.56,2.56,21,0.02,2.43124392432091,0.0178906877810714,2.49999999999989e-05,2.49999999999989e-05
120,FRX,19102,2013,0.4,3.71,1.02,0.98,27,0.17,2.70521587430041,5.3140202271266,0.3364,0.3844
121,FCX,19011,2013,3.22,4.84,4.54,4.47,22,0.75,3.31656478148775,0.00932475702377732,1.5625,1.7424
122,GMT,19011,2013,2.81,2.01,2.6,2.55,5,0.09,2.15072560781033,0.434642724197052,0.0676000000000001,0.0441
123,GCI,19039,2013,2.33,2.13,2.18,2.2,11,0.13,2.11472114346073,0.0463449860728572,0.0169,0.0225
124,GPS,19067,2013,2.33,1.56,1.82,1.8,32,0.1,1.5859163239167,0.553660517013636,0.2809,0.2601
125,GD,19039,2013,6.48,7.28,7.33,7.35,23,0.17,7.39118744976831,0.830262568615273,0.756899999999999,0.722499999999999
126,GE,19039,2013,1.52,1.37,1.54,1.55,16,0.03,1.29712693609972,0.049672402612298,0.000900000000000002,0.000400000000000001
127,GIS,19193,2013,2.69,2.56,2.67,2.66,20,0.03,2.57236489627074,0.0138380176293934,0.000899999999999988,0.000400000000000001
128,GNTX,19039,2013,1.19,1.14,1.28,1.29,12,0.07,0.759839396945786,0.185038144419965,0.01,0.00810000000000002
129,GPC,19067,2013,4.14,3.58,4.02,3.97,10,0.1,3.71029858148509,0.184643309073722,0.0288999999999998,0.0144
130,GENZ,17947,2010,2.27,4,4.72,4.71,19,0.05,3.76731801028856,2.24196122393448,5.9536,6.0025
131,GILD,19039,2013,1.95,1.93,1.93,1.92,29,0.1,2.22830809229437,0.0774553942365322,0.000900000000000002,0.000400000000000001
132,GLT,19039,2013,1.25,1.01,1.1,1.1,1,NA,0.92271206522576,0.107117392248787,0.0225,0.0225
133,GR,18311,2011,4.5,4.43,4.38,4.38,22,0.07,4.38266747438113,0.0137669215681018,0.0144,0.0144
134,GT,19039,2013,1.91,1.91,1.98,1.93,10,0.27,1.03016621876181,0.774107482607892,0.000400000000000001,0.00490000000000001
135,GGG,19039,2013,2.42,2.32,2.63,2.6,8,0.07,2.94577590775528,0.276440305175887,0.0324000000000001,0.0441
136,GWW,19039,2013,10.43,9.04,10.47,10.5,17,0.27,10.3884893094459,0.00172313743027691,0.00490000000000004,0.00160000000000007
137,HAE,19130,2013,1.71,1.52,1.69,1.68,7,0.02,1.74557211180229,0.00126537513807453,0.000900000000000002,0.000400000000000001
138,HAL,19039,2013,2.99,3.36,3.92,3.95,34,0.18,3.19822933758831,0.043359457032466,0.9216,0.864899999999999
139,JH,16484,2006,2.69,2.33,2.46,2.46,3,0.01,2.03990584818473,0.422622406224417,0.0529,0.0529
140,HAR,19221,2013,3.07,2.93,3.8,3.82,5,0.07,4.47874225709252,1.98455474691812,0.5625,0.5329
141,HRS,19221,2013,4.9,5.2,5.15,5.18,12,0.17,5.53860037349738,0.407810437030997,0.0783999999999996,0.0625
142,HSC,19039,2013,1.19,1.38,1.57,1.55,8,0.07,0.668724838603722,0.271727793888715,0.1296,0.1444
143,HHS,19039,2013,0.62,0.7,0.75,0.75,5,0.03,-0.14702900154277,0.588333489207699,0.0169,0.0169
144,HAS,19039,2013,2.81,2.78,2.99,2.98,13,0.13,2.54887961934378,0.0681838531940478,0.0289,0.0324000000000001
145,HNZ,18794,2012,3.35,3.08,3.35,3.35,18,0.03,3.01694461285281,0.110925890907765,0,0
146,HP,19312,2013,5.63,5.15,4.55,4.57,26,0.3,5.63821326344164,6.7457696361818e-05,1.1236,1.1664
147,JKHY,19221,2013,2.14,1.78,1.92,1.92,11,0.03,1.94286184677557,0.0388634514567391,0.0484000000000001,0.0484000000000001
148,HPC,16848,2007,1.23,0.85,1.02,1,6,0.06,4.42578538344191,10.213044217021,0.0529,0.0441
149,HSY,19039,2013,3.24,2.82,3.13,3.13,14,0.06,2.95716101692006,0.0799978903496936,0.0121000000000001,0.0121000000000001
150,HD,19067,2013,3.1,2.47,2.86,2.85,31,0.05,2.73072857614549,0.136361384475541,0.0625,0.0576000000000001
151,HM,14293,2000,0.08,-0.15,0.01,-0.02,21,0.1,0.659577988927638,0.335910645249405,0.01,0.0049
152,HRL,19347,2013,1.97,1.86,1.94,1.96,10,0.06,1.92068464259282,0.00243200447619806,1e-04,0.000900000000000002
153,HUM,19039,2013,7.64,8.46,7.96,8,18,0.26,8.67271388399335,1.06649796619264,0.1296,0.1024
154,IEX,19039,2013,2.68,2.55,2.79,2.8,10,0.03,2.62383688501882,0.00315429548438893,0.0143999999999999,0.0121
155,IDXX,19039,2013,3.13,2.73,3.07,3.07,12,0.02,2.88591221925366,0.0595788447096755,0.00360000000000001,0.00360000000000001
156,ITW,19039,2013,4.06,3.74,4.14,4.15,19,0.05,3.76110912228493,0.0893357567812847,0.00810000000000013,0.00640000000000001
157,IM,19039,2013,1.95,1.69,1.99,2,11,0.09,2.21398640194964,0.069688820414316,0.0025,0.0016
158,IDTI,19130,2013,0.21,0.38,0.34,0.35,7,0.03,0.0485621736302294,0.0260621717829962,0.0196,0.0169
159,INTC,19011,2013,2.13,2.39,2.37,2.39,47,0.18,2.06418637413234,0.00433143334984778,0.0676000000000001,0.0576000000000001
160,IBM,19011,2013,15.25,13.44,14.82,14.85,27,0.12,14.4832760450498,0.587865623094408,0.16,0.1849
161,IFF,19039,2013,3.98,3.74,4.05,4.05,13,0.11,3.69654319142263,0.0803477623288691,0.00489999999999998,0.00489999999999998
162,IGT,19312,2013,1.27,1.04,1.21,1.23,21,0.08,1.01876695766895,0.063118041558914,0.0016,0.00360000000000001
163,IP,19039,2013,2.65,3.1,2.76,2.75,14,0.29,2.85026487099616,0.04010601855511,0.01,0.0121
164,IRF,19256,2013,-0.9,-0.19,-0.39,-0.44,6,0.23,5.00263724690386,34.8411264685368,0.2116,0.2601
165,IPG,19067,2013,0.82,0.76,0.81,0.81,23,0.05,0.996313169939433,0.0310863338940915,9.9999999999998e-05,9.9999999999998e-05
166,INTU,19256,2013,3.2,2.97,3.36,3.35,21,0.04,3.17903014316626,0.000439734895627626,0.0225,0.0255999999999999
167,JBL,19284,2013,2.26,2.4,2.55,2.54,13,0.06,2.16554830331995,0.00892112300574032,0.0784000000000001,0.0841
168,JEC,19312,2013,3.23,2.91,3.28,3.3,19,0.12,3.1181212939392,0.0125168448698386,0.00489999999999998,0.00249999999999998
169,JNJ,19039,2013,5.1,5,5.11,5.1,22,0.04,5.12269211659309,0.00051493215547423,0,0.000100000000000014
170,JCI,19312,2013,2.66,2.59,2.59,2.6,23,0.08,2.38312358882876,0.0766605470630662,0.00360000000000001,0.00490000000000004
171,KLAC,19221,2013,3.3,4.64,4.29,4.31,18,0.59,3.53866490802773,0.0569609383238837,1.0201,0.9801
172,KDN,18703,2012,1.75,1.76,1.88,1.88,6,0.03,2.21204242914013,0.213483206325717,0.0169,0.0169
173,K,19039,2013,3.31,3.38,3.49,3.48,21,0.07,3.4406469375148,0.017068622281997,0.0289,0.0324000000000001
174,KMT,19221,2013,2.52,3.86,4.21,4.21,16,0.12,4.02682695756886,2.27052748005624,2.8561,2.8561
175,KMB,19039,2013,5.25,4.8,5.1,5.1,15,0.06,4.7462458422584,0.253768251441951,0.0225000000000001,0.0225000000000001
176,KRI,16120,2005,3.89,3.63,3.99,3.99,17,0.08,3.76799206285582,0.0148859367261785,0.01,0.01
177,KSS,19067,2013,4.17,4.3,4.78,4.75,22,0.13,4.38958821161584,0.0482189826806427,0.3364,0.3721
178,KR,19067,2013,2.45,2,2.32,2.33,23,0.06,2.07460181241858,0.140923799239417,0.0144,0.0169000000000001
179,LSI,19039,2013,0.75,0.5,0.58,0.58,12,0.03,0.535315569885163,0.0460894045337322,0.0289,0.0289
180,LZB,19193,2013,0.79,0.55,0.82,0.84,5,0.07,-1.21694452058321,4.02782630869899,0.00249999999999999,0.000899999999999995
181,LAF,16120,2005,3.73,2.81,3.61,3.52,4,0.28,2.94598369881013,0.614681560531446,0.0441,0.0144
182,LRCX,19221,2013,2.22,2.07,2.49,2.6,16,0.49,6.35777971858151,17.1212209995044,0.1444,0.0729
183,LAMR,19067,2013,0.1,0.09,0.28,0.25,13,0.06,0.0798567741512761,0.000405749547592698,0.0225,0.0324
184,LANC,19256,2013,3.98,3.45,3.95,3.93,5,0.11,3.29073845040978,0.475081483743516,0.00249999999999998,0.000899999999999988
185,EL,19221,2013,2.68,2.27,2.56,2.57,18,0.05,2.7559416323115,0.0057671315181343,0.0121000000000001,0.0144
186,LEE,17485,2008,0.95,1.65,1.47,1.46,4,0.14,1.95812103895174,1.01630802917714,0.2601,0.2704
187,LEG,19039,2013,1.7,1.2,1.31,1.3,6,0.03,1.44615441621635,0.0644375804064631,0.16,0.1521
188,LXK,19039,2013,3.74,4.71,4.59,4.71,14,0.26,4.5324829168367,0.628029173477996,0.9409,0.722499999999999
189,LLY,19039,2013,3.39,4.41,3.19,3.19,20,0.05,4.27980864188035,0.791759419164956,0.0400000000000001,0.0400000000000001
190,LNCR,18311,2011,1.87,1.3533,1.69,1.71,13,0.11,0.983309946839261,0.786219250374194,0.0256,0.0324000000000001
191,LLTC,19221,2013,1.78,1.79,1.98,1.97,14,0.08,2.13145094418573,0.123517766169044,0.0361,0.04
192,LMT,19039,2013,8.54,7.85,7.84,7.85,24,0.21,20.5543934860919,144.345650838648,0.476099999999999,0.489999999999999
193,LDG,16876,2007,2.05,1.6,1.74,1.75,7,0.05,1.39505316485399,0.428955356867773,0.0899999999999999,0.0960999999999999
194,LFB,16085,2005,0.27,0.1,0.3,0.3,2,0.07,-0.388320107128166,0.43338536344924,0.000899999999999998,0.000899999999999998
195,LPX,19039,2013,0.35,-0.99,-0.5,-0.49,12,0.19,-0.212227841515973,0.31610014577571,0.7056,0.7225
196,LOW,19067,2013,1.75,1.66,1.83,1.84,30,0.04,1.6349454012096,0.0132375607028192,0.00810000000000002,0.00640000000000001
197,LZ,17947,2010,7.55,4.09,3.81,3.8,9,0.16,4.63249557506054,8.5118320695413,14.0625,13.9876
198,LUX,19102,2013,1.57,1.37,1.59,1.6,4,0.06,1.26616658946311,0.0923147413584792,0.000900000000000002,0.000400000000000001
199,MSM,19312,2013,3.91,4.1,4.33,4.35,15,0.07,4.37553599554476,0.216723763147851,0.1936,0.1764
200,MGA,19067,2013,5.74,4.85,4.62,4.61,16,0.1,4.4124970109848,1.7622641858443,1.2769,1.2544
201,MTW,19039,2013,0.78,0.38,0.87,0.86,16,0.1,1.25964614756235,0.2300604268714,0.00639999999999999,0.00809999999999999
202,MAN,19039,2013,2.96,3.24,2.97,2.9,16,0.34,2.69907132406645,0.0680837739244336,0.00360000000000001,0.000100000000000005
203,MLM,19039,2013,2.3,1.88,2.44,2.43,19,0.25,2.31437007161024,0.000206498958083501,0.0169000000000001,0.0196
204,MAS,19039,2013,0.32,0.02,0.27,0.26,19,0.14,1.00631321386997,0.471025827532522,0.0036,0.0025
205,MAT,19039,2013,2.54,2.18,2.38,2.37,13,0.08,2.2463692400715,0.0862190231761889,0.0289,0.0256
206,MXIM,19221,2013,1.77,1.57,1.79,1.78,24,0.06,1.51371396222205,0.0656825331599233,1e-04,0.000400000000000001
207,MMS,19312,2013,1.6,1.18,1.48,1.48,6,0.04,1.21819298818593,0.145776594270387,0.0144,0.0144
208,MDR,19067,2013,0.86,0.64,0.89,0.9,17,0.07,0.24030409684417,0.38402301238812,0.0016,0.000900000000000002
209,MCD,19039,2013,5.36,5.27,5.73,5.73,28,0.06,5.77140114019948,0.169250898157429,0.1369,0.1369
210,MDT,19158,2013,3.75,3.46,3.66,3.66,26,0.04,3.56436505816432,0.0344603316303356,0.00809999999999998,0.00809999999999998
211,MENT,19067,2013,1.42,1.13,1.33,1.32,6,0.01,1.44487233811249,0.000618633203181968,0.00999999999999997,0.00809999999999998
212,MDP,19221,2013,2.91,2.5,2.84,2.84,7,0.07,2.66201135983514,0.0614983656508169,0.00490000000000004,0.00490000000000004
213,MTD,19039,2013,9.67,8.36,9.45,9.45,12,0.09,9.09197774455265,0.334109727792437,0.0484000000000003,0.0484000000000003
214,MSFT,19193,2013,2.65,2.73,3.06,3.07,31,0.09,2.82522480509158,0.030703732319383,0.1764,0.1681
215,MCHP,19130,2013,1.89,1.89,2.05,2.05,15,0.07,2.05988748294545,0.0288617568615406,0.0256,0.0256
216,MU,19284,2013,-0.18,-1.04,-0.26,-0.31,29,0.38,-0.583423871604587,0.162750820180434,0.0169,0.0064
217,MLHR,19193,2013,1.47,1.37,1.55,1.55,5,0.04,1.20838135152794,0.0684443172283457,0.00640000000000001,0.00640000000000001
218,MTX,19039,2013,2.09,1.885,2.01,1.98,4,0.13,1.8958422454741,0.0376972336425393,0.0121,0.00640000000000001
219,MHK,19067,2013,3.78,2.92,3.52,3.52,16,0.18,3.1903514708274,0.347685387955405,0.0675999999999999,0.0675999999999999
220,MOLX,19221,2013,1.45,1.62,1.66,1.66,15,0.04,1.3915353709324,0.00341811285201196,0.0441,0.0441
221,MLI,19039,2013,1.065,1.04,1.25,1.25,1,NA,0.973859795892348,0.00830653680478449,0.034225,0.034225
222,MUR,19039,2013,6.22,6.02,6,6.12,16,0.62,5.07872294219245,1.30251332267787,0.00999999999999993,0.0483999999999999
223,MYL,19067,2013,2.59,2.04,2.43,2.43,22,0.05,2.02726432362588,0.316671441464236,0.0255999999999999,0.0255999999999999
224,NCR,19039,2013,2.49,1.92,2.39,2.4,10,0.06,2.16191310747274,0.107641009048192,0.00810000000000006,0.01
225,NATI,19039,2013,0.79,0.87,0.93,0.95,5,0.11,0.920740878702422,0.0170931773638815,0.0256,0.0196
226,NYT,19039,2013,0.47,0.67,0.66,0.65,8,0.08,0.567433345393494,0.00949325679456797,0.0324,0.0361
227,NFX,19067,2013,2.27,3.99,3.59,3.63,27,1.02,3.7783719601987,2.27518597031367,1.8496,1.7424
228,NEM,19067,2013,3.71,4.39,5.21,5.05,19,0.91,4.86617279075084,1.3367355220726,1.7956,2.25
229,NKE,19193,2013,2.695,2.365,2.59,2.58,21,0.12,2.45854697342825,0.0559100337749427,0.0132249999999999,0.011025
230,NOK,19039,2013,-0.223,0.38,0.18,0.15,25,0.14,0.039797605964583,0.0690625817007162,0.139129,0.162409
231,NDSN,19347,2013,3.38,3.6,3.92,3.9,9,0.09,4.2685206372944,0.78946892289805,0.2704,0.2916
232,NOC,19039,2013,7.81,7.41,6.59,6.55,21,0.14,7.48945742276704,0.102747543819147,1.5876,1.4884
233,NOVL,18248,2010,0.27,0.34,0.31,0.32,9,0.02,0.574555987547828,0.0927543495512328,0.0025,0.0016
234,NVLS,18311,2011,3.03,-0.51,1.73,1.7,15,0.23,0.683147063221576,5.50771870686551,1.7689,1.69
235,NUE,19039,2013,1.78,2.39,3.17,3.1,21,0.37,2.02780780383697,0.0614087076425011,1.7424,1.9321
236,OXY,19039,2013,7.09,8.39,8.36,8.32,22,0.73,8.46276286219638,1.8844778758256,1.5129,1.6129
237,ODP,19067,2013,0.03,-0.03,0.06,0.07,19,0.06,0.380010013154991,0.122507009308757,0.0016,9e-04
238,OLN,19039,2013,1.85,1.64,1.83,1.84,7,0.25,1.81560387982565,0.00118309308304803,1e-04,0.000400000000000001
239,OMC,19039,2013,3.61,3.33,3.69,3.67,21,0.11,3.55746106616143,0.00276033956889371,0.00360000000000001,0.00640000000000001
240,ORCL,19193,2013,2.68,2.46,2.66,2.65,42,0.05,2.56098719150954,0.0141640485847864,0.000900000000000015,0.000400000000000001
241,OI,19039,2013,2.64,2.37,2.76,2.75,11,0.08,2.26505617798293,0.140582869668765,0.0121,0.0143999999999999
242,PMCS,19039,2013,0.38,0.6,0.45,0.45,8,0.04,0.229553999902546,0.022633998945323,0.0049,0.0049
243,PPG,19011,2013,7.94,6.79,7.19,7.25,17,0.31,7.13412262405564,0.649438345058961,0.476100000000001,0.5625
244,PCAR,19039,2013,3.12,2.86,3.34,3.33,22,0.21,2.85045627347139,0.0726538205109307,0.0441,0.0483999999999999
245,PLL,19256,2013,3.04,2.8,3.18,3.16,10,0.05,2.90670051274791,0.0177687533016714,0.0144,0.0196
246,PZZA,19067,2013,1.235,1.1,1.19,1.19,4,0.03,1.06769914609441,0.0279895757175402,0.00202500000000001,0.00202500000000001
247,PH,19221,2013,6.26,7.45,7.51,7.5,17,0.22,7.89666579192648,2.67867491446232,1.5376,1.5625
248,PAYX,19193,2013,1.6,1.51,1.6,1.6,24,0.01,1.49954602839232,0.0100910004117567,0,0
249,JCP,19067,2013,-3.5,1.28,1.57,1.59,12,0.2,-0.173733847146271,11.0640465196203,25.9081,25.7049
250,PBY,19102,2013,0.32,0.51,0.93,0.93,2,0.01,0.521343555890448,0.0405392274986101,0.3721,0.3721
251,PEP,19039,2013,4.1,4.4,4.09,4.09,16,0.04,4.59644808933038,0.246460705399783,9.99999999999957e-05,9.99999999999957e-05
252,PETM,19067,2013,3.55,2.55,3.12,3.1,22,0.06,2.74077909946742,0.654838465858756,0.2025,0.1849
253,PFE,19039,2013,2.19,2.31,2.26,2.27,22,0.04,2.25592846061169,0.00434656191862671,0.00640000000000001,0.00489999999999998
254,PD,16484,2006,7.95,5.525,5.39,5.42,17,0.65,10.3826978884039,5.91801901624493,6.4009,6.5536
255,PIR,19102,2013,1.2,0.94,1.13,1.12,12,0.03,0.792365878718849,0.166165576832656,0.00639999999999998,0.00490000000000001
256,PXD,19039,2013,3.66,3.93,5.4,5.32,28,0.86,3.63179986239978,0.000795247760671148,2.7556,3.0276
257,PBI,19039,2013,2.18,2.35,2.11,2.1,5,0.06,2.84816043094866,0.4464383614855,0.00640000000000001,0.00490000000000004
258,PDG,15784,2004,0.4,0.33,0.43,0.42,25,0.13,0.839990908673166,0.193591999715039,0.000399999999999999,0.000899999999999998
259,PLT,19130,2013,2.77,2.65,2.71,2.68,7,0.1,2.72694834557627,0.00185344494862054,0.00809999999999998,0.00360000000000001
260,PII,19039,2013,4.4,3.2,3.85,3.82,13,0.08,3.2388773609234,1.3482057829762,0.336400000000001,0.3025
261,POT,19039,2013,2.71,3.51,3.7,3.63,25,0.28,3.51990864819444,0.655952018420144,0.8464,0.9801
262,PX,19039,2013,5.57,5.43,5.82,5.82,17,0.04,5.78587751212844,0.0466031002427632,0.0625,0.0625
263,PCP,19130,2013,9.76,8.45,10.07,10.09,24,0.16,9.12659691338385,0.40119947013486,0.1089,0.0961000000000003
264,PG,19221,2013,4.05,3.85,3.9,3.9,22,0.04,3.79798889641975,0.0635095963277362,0.0225,0.0225
265,QCOM,19312,2013,4.51,3.71,4.29,4.29,36,0.09,3.97234501737357,0.289072880343024,0.0483999999999999,0.0483999999999999
266,STR,19039,2013,1.21,1.16,1.2,1.2,9,0.01,1.13600717670439,0.00547493789925523,1e-04,1e-04
267,RPM,19221,2013,1.82,1.65,1.8,1.8,8,0.06,1.73154676675656,0.00782397447121805,0.000400000000000001,0.000400000000000001
268,RMBS,19039,2013,-1.21,-0.39,-0.61,-0.61,1,NA,-1.05031023935724,0.0255008196541427,0.36,0.36
269,RYN,19039,2013,2.17,2.1,2.11,2.1,8,0.08,2.27941114707836,0.0119707991050035,0.00489999999999998,0.00360000000000001
270,RBK,15756,2004,2.43,2.04,2.34,2.35,10,0.02,2.15272210049614,0.0768830335532739,0.00640000000000001,0.00810000000000006
271,RAD,16911,2007,-0.01,0.01,0.01,0.01,8,0.05,-0.124911988147334,0.0132047650199731,4e-04,4e-04
272,RHI,19039,2013,1.55,1.04,1.35,1.35,16,0.06,1.28277377730416,0.0714098540962862,0.04,0.04
273,ROK,19312,2013,5.71,5.21,5.58,5.56,19,0.07,5.53658876511188,0.0300714563854244,0.0225000000000001,0.0169
274,ROH,17212,2008,3.41,3.49,3.58,3.6,16,0.09,3.41127337685557,1.62148861630854e-06,0.0361,0.0289
275,ROL,19039,2013,0.76,0.69,0.75,0.75,3,0.01,0.718676899909081,0.00170759860112415,1e-04,1e-04
276,ROP,19039,2013,4.96,4.34,4.78,4.8,12,0.05,4.79915634232381,0.0258706822146542,0.0256,0.0323999999999999
277,ROST,19067,2013,3.53,2.86,3.3,3.3,27,0.07,3.17774873250289,0.124080955453319,0.0529,0.0529
278,R,19039,2013,4.04,3.49,4.06,4.07,13,0.04,3.83145491578283,0.0434910521511477,0.000900000000000015,0.000399999999999983
279,SEIC,19039,2013,1.18,1.12,1.26,1.25,7,0.04,1.03992210726557,0.0196218160329183,0.00490000000000001,0.00640000000000001
280,SPW,19039,2013,3.49,4.38,4.99,4.9,7,0.18,3.36857517441035,0.0147439882694775,1.9881,2.25
281,SWY,19067,2013,2.15,1.78,1.96,1.95,19,0.08,2.03862371979441,0.0124046757924342,0.04,0.0361
282,STJ,19039,2013,3.48,3.28,3.47,3.47,29,0.04,3.48847262097693,7.17853062187767e-05,9.99999999999957e-05,9.99999999999957e-05
283,SNDK,19039,2013,2.38,4.65,4.71,4.67,19,0.39,4.19855392115798,3.30713836415905,5.2441,5.4289
284,HSIC,19039,2013,4.44,3.97,4.32,4.32,16,0.05,3.94643847115395,0.243602982756851,0.0144,0.0144
285,SGP,17212,2008,1.37,0.85,1.1,1.08,18,0.09,1.14325343400823,0.0514140051890595,0.0841,0.0729
286,SLB,19039,2013,4.17,3.66,4.69,4.67,34,0.15,3.53023277394928,0.409302103528636,0.25,0.2704
287,SCHL,19193,2013,1.27,4.03,2.33,2.33,2,0.18,2.03063904840144,0.578571761953047,1.1236,1.1236
288,SHLM,19312,2013,1.83,2.06,2.16,2.15,4,0.01,2.5455136779173,0.511959823286741,0.1024,0.1089
289,SMG,19312,2013,2.79,2.01,2.56,2.58,12,0.08,2.26058446492196,0.280280808781965,0.0441,0.0529
290,SHW,19039,2013,6.49,4.84,5.72,5.67,18,0.16,5.1354458123139,1.83481704737796,0.6724,0.592900000000001
291,SNA,19039,2013,5.2,4.53,4.87,4.99,4,0.25,4.60865009421248,0.349694711074904,0.0441,0.1089
292,SON,19039,2013,2.21,2.29,2.35,2.35,13,0.02,2.51698448254387,0.0942394725227307,0.0196,0.0196
293,SNE,19158,2013,0.43,-5.55,0.33,0.33,1,NA,-0.819617683148595,1.56154435403766,0.01,0.01
294,TRK,19067,2013,1.01,1.14,1.06,1.12,3,0.14,1.42707438498453,0.173951042610223,0.0121,0.0025
295,SPLS,19067,2013,1.39,1.38,1.5,1.5,21,0.03,1.39242507478402,5.8809877081122e-06,0.0121,0.0121
296,SBUX,19312,2013,2.26,1.79,2.15,2.15,29,0.03,1.83678586620846,0.179110203040925,0.0121,0.0121
297,STLD,19039,2013,0.76,1.23,1.53,1.5,18,0.13,1.02454698729969,0.0699851084893435,0.5476,0.5929
298,STE,19130,2013,2.28,2.16,2.13,2.15,7,0.03,2.21317510232188,0.00446556694969136,0.0169,0.0225
299,SYK,19039,2013,4.07,3.72,4.11,4.11,29,0.03,3.86660404340116,0.0413699151607578,0.0016,0.0016
300,SUP,19067,2013,1.13,1.48,1.12,1.11,4,0.12,1.24630830066821,0.0135276208043268,0.000399999999999992,9.99999999999957e-05
301,SVU,18402,2011,1.39,1.93,1.81,1.85,15,0.1,2.17278116496246,0.612746352219984,0.2116,0.1764
302,SYMC,19130,2013,1.77,1.61,1.67,1.69,30,0.05,1.59966881657925,0.0290127120455144,0.00640000000000001,0.01
303,SNPS,19347,2013,2.44,2.1,2.29,2.29,6,0.02,2.36715722246971,0.00530607023832745,0.0225,0.0225
304,SYY,19221,2013,1.78,1.93,1.97,1.97,14,0.07,1.94487734336983,0.0271845383566925,0.0361,0.0361
305,TJX,19067,2013,2.55,1.99,2.31,2.31,28,0.04,2.19696495979164,0.124633739614919,0.0575999999999999,0.0575999999999999
306,TSM,19067,2013,1.08,0.88,0.95,0.94,6,0.05,1.00848195337737,0.00511483099271613,0.0196,0.0169
307,TECD,19067,2013,4.81,5.09,5.71,5.75,9,0.26,4.25146074879253,0.3119660951394,0.883600000000001,0.810000000000001
308,TFX,19067,2013,4.4,3.93,4.35,4.36,5,0.04,3.47348900541832,0.858422623080741,0.0016,0.00250000000000007
309,TLAB,18675,2012,-0.05,0.39,0,0.01,13,0.07,0.506054698001756,0.309196827169825,0.0036,0.0025
310,TIN,17576,2009,0.1,0.74,0.5,0.45,11,0.21,0.187786525966697,0.0077064741413015,0.1225,0.16
311,TER,19039,2013,1.67,1.39,1.49,1.48,14,0.15,1.37648761606667,0.0861495195222294,0.0361,0.0324
312,TXI,18822,2012,-1.7,-1.9,-0.87,-0.91,12,0.28,-0.156441858040465,2.38257173760957,0.6241,0.6889
313,TXN,19039,2013,1.64,2.21,1.88,1.85,30,0.2,2.09503123570604,0.207053425468162,0.0441000000000001,0.0576
314,TXT,19039,2013,1.97,1.31,1.9,1.9,12,0.08,1.42500338857957,0.297021306459746,0.00490000000000001,0.00490000000000001
315,TMO,19039,2013,4.94,4.16,4.76,4.75,20,0.05,4.02125690975256,0.844088865877412,0.0361000000000001,0.0324000000000002
316,TNB,18311,2011,2.75,2.23,2.5,2.45,9,0.15,2.25763281459942,0.242425445259289,0.0899999999999999,0.0625
317,COMS,17366,2008,0.23,0.1,0.14,0.15,6,0.06,-0.427725983291063,0.432603469096195,0.0064,0.0081
318,TIF,19102,2013,3.25,3.6,3.98,4,20,0.07,3.72872625875777,0.229178830824215,0.5625,0.5329
319,TKR,19039,2013,4.66,4.59,5.28,5.25,10,0.16,4.8608583099262,0.0403440606664096,0.3481,0.3844
321,TR,18367,2011,0.8352,0.8441,0.85,0.85,1,NA,0.9629111851855,0.016310146821485,0.000219039999999998,0.000219039999999998
322,TOT,19102,2013,7.01,7.03,7.37,7.5,7,0.93,7.98765657867911,0.955812385834552,0.2401,0.1296
323,TG,19067,2013,1.2,0.89,1.57,1.57,2,0.47,1.00055622638976,0.0397778188318907,0.1369,0.1369
324,TRN,19039,2013,1.595,0.825,1.22,1.24,6,0.1,1.06874306600563,0.276946360577159,0.126025,0.140625
325,TUP,19039,2013,4.99,4.45,5.04,5.02,9,0.04,4.99622709061165,3.87766574856961e-05,0.000899999999999962,0.00249999999999998
326,TSN,19347,2013,2.26,1.91,1.85,1.92,14,0.18,0.433008007001078,3.33789974248217,0.1156,0.1681
327,USTR,19039,2013,2.82,2.51,2.67,2.6,5,0.21,2.62751191327969,0.0370516635292447,0.0483999999999999,0.0225
328,UTX,19039,2013,5.35,5.49,5.59,5.53,15,0.11,5.87972803013567,0.280611785911418,0.0324000000000002,0.0576000000000001
329,UVV,19158,2013,4.72,4.67,4.5,4.5,1,NA,4.46171173661579,0.0667128270020328,0.0483999999999999,0.0483999999999999
330,UHS,19067,2013,4.15,3.97,4.42,4.4,18,0.04,3.08747525181922,1.12895884049662,0.0625,0.0728999999999998
331,UCL,15756,2004,2.95,1.72,1.86,1.87,17,0.36,1.81593385628968,1.28610601831,1.1664,1.1881
332,VFC,19039,2013,2.4075,2.045,2.38,2.38,19,0.05,2.12871175783878,0.077722883967344,0.000756250000000017,0.000756250000000017
333,VLO,19039,2013,5.59,3.38,3.5,3.48,18,0.49,2.81607533333886,7.69465805631112,4.4521,4.3681
334,VAL,19347,2013,3.54,3.28,3.77,3.75,14,0.07,2.94205362626115,0.357539865867444,0.0441,0.0529
335,VRTX,19039,2013,-0.24,0.14,3.23,3.09,21,1,-1.36184163748425,1.25852865959335,11.0889,12.0409
336,VSH,19039,2013,0.71,1.46,0.98,0.99,6,0.11,1.42518845585104,0.511494527382593,0.0784,0.0729
337,VMC,19039,2013,-0.46,-0.87,-0.69,-0.67,19,0.18,-0.692966459307042,0.0542733711620597,0.0441,0.0529
338,WMT,19067,2013,5.02,4.49,4.85,4.85,29,0.06,4.69620161294672,0.104845395458304,0.0289,0.0289
339,WAG,19284,2013,3.12,2.71,3.41,3.4,13,0.07,2.88545780204237,0.0550100426227939,0.0783999999999999,0.0841
340,WLA,13929,1999,1.48,1.0367,1.41,1.42,33,0.02,1.09893703437647,0.145208983769798,0.00360000000000001,0.00490000000000001
341,WMK,17947,2010,2.33,1.74,1.7,1.7,1,NA,1.5864386413312,0.552883494105396,0.3969,0.3969
342,WDC,19221,2013,8.53,8.61,9.41,9.57,24,0.85,-0.563608809876364,82.693721187061,1.0816,0.774400000000001
343,WY,19039,2013,0.58,0.33,0.39,0.41,14,0.17,0.562080022423869,0.000321125596329032,0.0289,0.0361
344,WHR,19039,2013,7.05,6.73,6.13,6.42,6,0.9,6.6930243181765,0.127431637413355,0.3969,0.8464
345,WMB,19067,2013,1.11,1.23,1.49,1.51,13,0.13,1.41052736463789,0.0903166968961924,0.16,0.1444
346,WSM,19067,2013,2.58,2.24,2.45,2.45,28,0.05,2.22806803771004,0.123856106081265,0.0169,0.0169
347,WWW,19039,2013,1.145,1.24,1.32,1.32,11,0.02,0.753842968845466,0.153003823021629,0.030625,0.030625
348,WWY,16848,2007,2.01,1.928,2.13,2.12,11,0.06,2.05048104149135,0.00163871472022437,0.0121000000000001,0.0144
349,XLNX,19130,2013,1.79,1.99,2.01,2.04,30,0.09,1.9041326749121,0.0130262674825917,0.0625,0.0483999999999999
350,XRX,19039,2013,1.03,1.08,1.12,1.14,12,0.03,0.975447893579888,0.00297593231487118,0.0121,0.00810000000000002
351,YHOO,19039,2013,1.17,0.82,0.82,0.82,27,0.1,0.859123469077508,0.0966442174784029,0.1225,0.1225
352,ZBRA,19039,2013,2.53,2.44,2.6,2.61,8,0.07,3.10933177775805,0.335625308720301,0.00640000000000001,0.00490000000000004
353,DOX,19312,2013,2.92,2.71,2.91,2.92,14,0.03,2.94922357507297,0.000854017340045729,0,9.99999999999957e-05
354,CHKP,19011,2013,3.19,2.87,3.18,3.17,24,0.04,3.07312564602135,0.0136596146179261,0.000400000000000001,9.99999999999957e-05
355,QGEN,19039,2013,1,0.92,1,0.99,15,0.03,1.03377655058009,0.00114085536908933,1e-04,0
356,FLEX,19130,2013,0.84,0.89,1,1.01,12,0.04,0.901855453987876,0.00382609718804623,0.0289,0.0256
